original_index,question,cypher,error
20,Which 3 filings have the most significant difference in latitude between originator and beneficiary banks?,"MATCH (f:Filing)
WITH f, 
     toFloat(f.origin_lat) AS origin_lat, 
     toFloat(f.beneficiary_lat) AS beneficiary_lat, 
     abs(toFloat(f.origin_lat) - toFloat(f.beneficiary_lat)) AS lat_diff
ORDER BY lat_diff DESC
LIMIT 3
RETURN f.sar_id AS filing_id, f.originator_bank AS originator_bank, f.beneficiary_bank AS beneficiary_bank, lat_diff",Requires string-to-float conversion (toFloat) and abs() function on computed difference - both unsupported in TypeQL
374,List the first 3 filings with a duration of exactly one month from begin to end date.,"MATCH (f:Filing)
WHERE duration.inMonths(datetime(f.begin), datetime(f.end)).months = 1
RETURN f
ORDER BY f.begin
LIMIT 3",Date arithmetic (duration.inMonths) is not supported in TypeQL 3.0
405,Which 5 countries have the most filings as originators in the last quarter of any year?,"MATCH (f:Filing)-[:ORIGINATOR]->(e:Entity)-[:COUNTRY]->(c:Country)
WHERE (f.begin >= datetime({year: 2000, month: 10, day: 1}) AND f.begin <= datetime({year: 2000, month: 12, day: 31}))
   OR (f.begin >= datetime({year: 2001, month: 10, day: 1}) AND f.begin <= datetime({year: 2001, month: 12, day: 31}))
   OR ... (years 2000-2017)
RETURN c.name AS country, COUNT(f) AS filings
ORDER BY filings DESC
LIMIT 5",Date arithmetic/extraction unsupported: query requires filtering by month component (Q4 = months 10-12) of datetime values across arbitrary years. TypeQL does not support datetime component extraction functions.
434,Which 3 filings have the largest difference in latitude between originator and beneficiary locations?,"MATCH (f:Filing)
WITH f, 
     toFloat(f.origin_lat) AS origin_lat, 
     toFloat(f.beneficiary_lat) AS beneficiary_lat, 
     abs(toFloat(f.origin_lat) - toFloat(f.beneficiary_lat)) AS lat_diff
ORDER BY lat_diff DESC
LIMIT 3
RETURN f.sar_id AS filing_id, lat_diff","TypeQL cannot cast string attributes to numeric types. origin_lat and beneficiary_lat are string-typed in the schema, so arithmetic (subtraction, abs) cannot be performed on them."
550,Find all filings that began and ended in the same month of 2015.,"MATCH (f:Filing)
WHERE f.begin_date_format STARTS WITH '2015' AND f.end_date_format STARTS WITH '2015'
  AND substring(f.begin_date_format, 5, 2) = substring(f.end_date_format, 5, 2)
RETURN f",Cypher uses substring() to extract and compare month portions of two string attributes. TypeQL has no substring function or equivalent string slicing capability.
